lgat_wgs_biospecimen_ids	FGFR_DUP_TANDEM	FGFR_DUP	CDKN2A_DEL	CDKN2B_DEL
BS_01Y5F4PN	No	No	No	No
BS_03SSN1N2	No	No	No	No
BS_042DVDQM	No	No	No	No
BS_04B8X54S	No	No	No	No
BS_060QB7XB	No	No	No	No
BS_06GPPDHZ	No	No	No	No
BS_0DKPGQWD	No	No	No	No
BS_0QEBZX3M	No	No	No	No
BS_0S617SMM	No	No	No	No
BS_0XD58YD9	No	No	No	No
BS_0YVR8Q4E	No	No	No	No
BS_10AD3EFX	No	No	No	No
BS_16FT8V4B	No	No	No	No
BS_16TBX6G5	No	No	No	No
BS_17AXPP1Y	No	No	No	No
BS_1B4Q7CNG	No	No	No	No
BS_1GK2EMFY	No	No	No	No
BS_1RF75MK2	No	No	No	No
BS_1VMBA3BN	No	No	No	No
BS_235QEYMQ	No	No	No	No
BS_245CTSH9	No	No	No	No
BS_2CQ6K2JW	No	No	No	No
BS_2F70R10Z	No	No	No	No
BS_2HNHCSNB	No	No	No	No
BS_2JDVY4F7	No	No	No	No
BS_2NN6ME5A	No	No	No	No
BS_2RJN5Z4W	No	No	No	No
BS_2SG8JNMB	No	No	No	No
BS_2VB8649B	No	No	No	No
BS_30W38X77	No	No	Yes	Yes
BS_3108RS7G	Yes	No	No	No
BS_32HAVF6S	No	No	No	No
BS_32JF8TPP	No	No	No	No
BS_36HCZ3KW	No	No	No	No
BS_3A0CJMRH	No	No	No	No
BS_3AERRZQT	No	No	No	No
BS_3C4YAMKJ	No	No	No	No
BS_3DYRAZE7	No	No	No	No
BS_3MYQP7P5	No	No	No	No
BS_3QDRWJCF	No	No	No	No
BS_3R0KN6Z4	No	No	No	No
BS_3Y44RJXS	No	No	No	No
BS_3ZMH8578	No	No	No	No
BS_40SJZGT2	No	No	No	No
BS_41SWNWAG	No	No	No	No
BS_41TD9XET	No	No	No	No
BS_45913DTA	No	No	No	No
BS_47454JJ6	No	No	No	No
BS_49JD1V3S	No	No	No	No
BS_4DTX295Z	No	No	No	No
BS_4M0ZMCDC	No	No	No	No
BS_4P25NNZD	No	No	No	No
BS_4QFSH7C4	No	No	No	No
BS_4RS1SC48	No	No	No	No
BS_4ZKN0WGS	No	No	No	No
BS_50XV7CTQ	No	No	No	No
BS_5BNV7MCF	No	No	No	No
BS_5NAKYS1S	No	No	No	No
BS_5R0HHQ1Y	No	No	No	No
BS_5TT6TT4K	No	No	No	No
BS_5V2FBYQG	No	No	No	No
BS_5Y2Q63Y4	No	No	No	No
BS_5Z4XQC9X	No	No	No	No
BS_6FV7BDE3	No	No	No	No
BS_6GTKRGNK	No	No	No	No
BS_6GV08HTE	No	No	No	No
BS_6Q9PMNWY	No	No	No	No
BS_6X2BQQGE	No	No	No	No
BS_6X3Z0AVR	No	No	No	No
BS_6XHDR1WS	No	No	No	No
BS_6XP91JM2	No	No	No	No
BS_6Y7FX7QJ	No	No	No	No
BS_78TQS4Y3	No	No	No	No
BS_797V83YM	No	No	No	No
BS_7HC4W4SA	No	No	No	No
BS_7M5272WN	No	No	No	No
BS_7M7JNG00	No	No	Yes	Yes
BS_895FJ34T	No	No	No	No
BS_89RCN9PF	No	No	No	No
BS_8B1YF57H	No	No	No	No
BS_8EB1S8MK	No	No	No	No
BS_8S2CZBA6	No	No	No	No
BS_8TFBNHT0	No	No	No	No
BS_8W0FNBWF	No	No	No	No
BS_93B38HPS	No	No	No	No
BS_94AP61Q5	No	No	No	No
BS_95RRF4NE	No	No	No	No
BS_9E6Q11G2	No	No	No	No
BS_9GSWPZ44	No	No	No	No
BS_9HDPJT21	No	No	No	No
BS_9HEMB7RK	No	No	No	No
BS_9M49SGAQ	No	No	No	No
BS_9NF39QAW	No	No	Yes	Yes
BS_9W6FK6X4	No	No	No	No
BS_9X9E86DY	No	No	No	No
BS_ABENB1H2	No	No	No	No
BS_AEMRNSQX	No	No	No	No
BS_AGGH3QGS	No	No	No	No
BS_AJ0T7DJ7	No	No	No	No
BS_AJAH8KG5	No	No	No	No
BS_APAQ2X2S	No	No	No	No
BS_AR2BH0Z4	No	No	No	No
BS_ARE4EM81	No	No	No	No
BS_AXM96K20	No	No	No	No
BS_AXW0XBH8	No	No	No	No
BS_B558FJXC	No	No	No	No
BS_B6K0N6HS	No	No	Yes	Yes
BS_B6KCJF2B	No	No	No	No
BS_B94G701Q	No	No	No	No
BS_BNFCXVYZ	No	No	No	No
BS_BZWM455T	No	No	No	No
BS_C1RRDNF5	No	No	No	No
BS_C5RDMCCS	No	No	No	No
BS_C6GBYR17	No	No	No	No
BS_CGCNC41M	No	No	No	No
BS_CP435MAC	No	No	No	No
BS_CPYV7AHD	No	No	No	No
BS_CQ8C6X4X	No	No	No	No
BS_D09VWF8H	No	No	No	No
BS_D2BZ25FW	No	No	No	No
BS_D59VEERR	No	No	No	No
BS_DC7XYYG8	No	No	No	No
BS_DT92H1MJ	No	No	No	No
BS_DW1CYEXP	No	No	Yes	Yes
BS_E2RXQ3JW	No	No	No	No
BS_E5H6CFYT	No	No	No	No
BS_E7HEQZ1K	No	No	No	No
BS_E9ATGWME	No	No	No	No
BS_E9M7TDB6	No	No	No	No
BS_EQE19CB0	No	No	No	No
BS_ERMGD2N5	No	No	No	No
BS_ETTZM63Y	Yes	No	No	No
BS_F1B71HTZ	No	No	No	No
BS_F48RA7QF	No	No	No	No
BS_F4D169Q7	No	No	No	No
BS_F969DNHD	No	No	No	No
BS_F9ZTZ4YS	No	No	No	No
BS_FFD25TTK	No	No	No	No
BS_FHE6Z73G	No	No	Yes	Yes
BS_FHFVCQ41	No	No	No	No
BS_FJEBFQHG	No	No	No	No
BS_FNF1TCSW	No	No	No	No
BS_FQ2ZBMPA	No	No	No	No
BS_G2016BE5	No	No	No	No
BS_G61CN2V0	No	No	No	No
BS_GAA327FP	No	No	No	No
BS_GCQEB05M	No	No	No	No
BS_GDPZN3SD	No	No	No	No
BS_GFS9JEE6	No	No	No	No
BS_GKN0B47F	No	No	No	No
BS_GRS3T427	No	No	No	No
BS_GS9JCK55	No	No	No	No
BS_GXACEYKB	No	No	No	No
BS_H50HR85Y	No	No	No	No
BS_HTGDSPQA	No	No	No	No
BS_HW4J7JM8	No	No	No	No
BS_HW4MYBZ2	No	No	No	No
BS_J037K4BM	No	No	No	No
BS_J5J0EA7Y	No	No	No	No
BS_J6VRW67C	No	No	No	No
BS_JA3XXP1Y	No	No	No	No
BS_JBHQ6G3J	No	No	No	No
BS_JHGFJR3D	No	No	No	No
BS_JJNSP29S	No	No	No	No
BS_JJWC13GG	No	No	No	No
BS_JJZPY3BG	No	No	No	No
BS_JQNF0FQP	No	No	No	No
BS_JSMAT49K	No	No	No	No
BS_K049HVGR	No	No	No	No
BS_K3YT05M7	No	No	No	No
BS_K6BMXTW5	No	No	No	No
BS_KCN7NG92	No	No	No	No
BS_KG1YMTA4	No	No	No	No
BS_KH0NFCWF	No	No	No	No
BS_KKWQW01N	No	No	No	No
BS_KM878Y43	No	No	No	No
BS_KT9H4B1N	No	No	No	No
BS_KVV3G6NP	No	No	No	No
BS_KVYCH9PB	No	No	No	No
BS_KYG3H6C6	No	No	No	No
BS_KYPZRS4S	No	No	No	No
BS_M8EBKZDG	No	No	No	No
BS_MBYEK6HV	No	No	No	No
BS_ME97J1GA	No	No	No	No
BS_MJJZJMTK	No	No	No	No
BS_MT5ZSRG4	No	No	No	No
BS_MW6YMRBJ	Yes	No	No	No
BS_MWKJF6XH	No	No	No	No
BS_MZB884N9	No	No	No	No
BS_MZJJRDZF	No	No	No	No
BS_N0Z6V2YG	No	No	No	No
BS_N2JD3VX6	No	No	No	No
BS_N8D9FH6M	No	No	No	No
BS_N8WXTFN4	No	No	No	No
BS_N9N1X78X	No	No	No	No
BS_NB509KST	No	No	No	No
BS_NCGGFG6H	No	No	Yes	Yes
BS_NEX92KQH	No	No	No	No
BS_NG0CR0EP	No	No	No	No
BS_NHRNZRQV	No	No	No	No
BS_NYVVN7SD	No	No	No	No
BS_NZRJE7QA	No	No	No	No
BS_P0KQFXNC	No	No	No	No
BS_P36C0ABE	No	No	No	No
BS_P3EVK3C2	No	No	No	No
BS_P3KD5EQG	No	No	No	No
BS_PC2YQ4F6	No	No	No	No
BS_PEDGRK8S	No	No	No	No
BS_PEFRDKDZ	No	No	No	No
BS_PMSZKZP7	No	No	No	No
BS_PP4WJBNR	No	No	No	No
BS_PV130A29	No	No	No	No
BS_Q0XBZP88	No	No	No	No
BS_Q3ANJDVG	No	No	No	No
BS_Q50P97Y0	No	No	No	No
BS_Q5XKTB1V	No	No	No	No
BS_QA0W86WP	No	No	No	No
BS_QC5FNXGH	No	No	No	No
BS_QD22MJJ5	No	No	No	No
BS_QDGHHS4S	No	No	Yes	Yes
BS_QE5B0T7R	No	No	No	No
BS_QK61ST4T	No	No	No	No
BS_QM1Z8R38	No	No	No	No
BS_QMG7XNEW	No	No	No	No
BS_QXZTRMWM	No	No	No	No
BS_QYWGB52C	No	No	No	No
BS_QZTPJ8YW	No	No	No	No
BS_R726FKHP	Yes	No	No	No
BS_R913E3VB	No	No	No	No
BS_R94EDP5H	No	No	No	No
BS_R9V82BC1	No	No	No	No
BS_RA0VCMWC	No	No	No	No
BS_RB8VSEVG	No	No	No	No
BS_RGSJMSRE	No	No	No	No
BS_RZNNEX1Y	No	No	No	No
BS_S88G7BXH	No	No	No	No
BS_SD28E0SC	No	No	No	No
BS_SDT1J3A7	No	No	No	No
BS_SE82EQF8	No	No	No	No
BS_SK949N33	No	No	No	No
BS_SMCPASF0	No	No	No	No
BS_SYGKQD8M	No	No	No	No
BS_T5T21G7N	No	No	No	No
BS_T97EP8H0	No	No	No	No
BS_THH0CE5A	No	No	No	No
BS_TZPJHKQR	No	No	No	No
BS_V3ZNXRHK	No	No	No	No
BS_VA07453Z	No	No	No	No
BS_VDSR4X6N	No	No	No	No
BS_VPJ9CARN	No	No	No	No
BS_VQC2PE2B	No	No	No	No
BS_VW96PFKQ	No	No	No	No
BS_VXNT1TDB	No	No	No	No
BS_W9FW1PAE	No	No	No	No
BS_W9P0PFDH	No	No	No	No
BS_WB8P21ED	No	No	No	No
BS_WD7AQV83	No	No	No	No
BS_WDTT7PG2	No	No	No	No
BS_WJ7GMQTF	No	No	No	No
BS_WQ19Z6MD	No	No	No	No
BS_WRJNMEX2	No	No	No	No
BS_WSFB4SA2	No	No	No	No
BS_WXKCR17Q	No	No	No	No
BS_X9PJ715R	No	No	No	No
BS_XBBBE8V2	No	No	No	No
BS_XH5JP8DB	No	No	No	No
BS_XHAQXDR0	No	No	No	No
BS_XKE77TR4	No	No	No	No
BS_XKP747AS	No	No	No	No
BS_XM302FF4	No	No	No	No
BS_XSWF2MR1	No	No	No	No
BS_XVBX7ZK1	No	No	No	No
BS_XVYRXN8J	No	No	No	No
BS_XW26N96W	No	No	No	No
BS_Y2C78JC4	No	No	No	No
BS_Y3ETG5AE	No	No	No	No
BS_Y43VC4VG	No	No	No	No
BS_Y4ZX0YX7	No	No	No	No
BS_YEWX69X4	No	No	No	No
BS_YGQS4660	No	No	No	No
BS_YH4DYNQ2	No	No	No	No
BS_YMDPFK0V	No	No	No	No
BS_YXCVR90M	No	No	No	No
BS_YZ2YNEJJ	No	No	No	No
BS_Z4Q8RH5M	No	No	No	No
BS_Z7R92XX6	No	No	No	No
BS_Z9PKZ4RT	No	No	Yes	Yes
BS_ZAH4FHV2	No	No	No	No
BS_ZJZFT0AJ	No	No	No	No
BS_ZKFEMJZ8	No	No	No	No
BS_ZKZACPVV	No	No	No	No
BS_ZP89F1JY	No	No	No	No
